"CUST001   ",M,34,"2551           ",Be,50.00,"1         ",2023-11-24,3
"CUST010   ",F,52,"3671           ",Cl,50.00,"10        ",2023-10-07,4
"CUST100   ",M,41,"2226           ",El,30.00,"100       ",2023-06-16,1
"CUST101   ",M,32,"4424           ",Cl,300.00,"101       ",2023-01-29,2
"CUST102   ",F,47,"3815           ",Be,25.00,"102       ",2023-04-28,2
"CUST103   ",F,59,"1925           ",Cl,25.00,"103       ",2023-01-17,1
"CUST104   ",F,34,"3971           ",Be,500.00,"104       ",2023-06-11,2
"CUST105   ",F,22,"5927           ",El,500.00,"105       ",2023-07-25,1
"CUST106   ",F,46,"2243           ",Cl,50.00,"106       ",2023-05-18,1
"CUST107   ",F,21,"3584           ",Cl,300.00,"107       ",2023-02-03,4
"CUST108   ",F,27,"5224           ",Be,25.00,"108       ",2023-04-19,3
"CUST109   ",F,34,"3608           ",El,500.00,"109       ",2023-10-18,4
"CUST110   ",M,27,"3656           ",Cl,300.00,"110       ",2023-06-11,3
"CUST111   ",F,34,"6355           ",El,500.00,"111       ",2023-04-19,3
"CUST113   ",F,41,"5158           ",El,25.00,"113       ",2023-09-13,2
"CUST116   ",F,23,"5555           ",Cl,30.00,"116       ",2023-08-23,1
"CUST119   ",F,60,"2110           ",Cl,50.00,"119       ",2023-03-13,3
"CUST012   ",M,35,"6290           ",Be,25.00,"12        ",2023-10-30,3
"CUST121   ",F,28,"6050           ",El,50.00,"121       ",2023-10-15,4
"CUST122   ",M,64,"6755           ",El,30.00,"122       ",2023-10-03,4
"CUST123   ",F,40,"3847           ",El,30.00,"123       ",2023-05-15,2
"CUST124   ",M,33,"6943           ",Cl,500.00,"124       ",2023-10-27,4
"CUST125   ",M,48,"2991           ",Cl,50.00,"125       ",2023-08-08,2
"CUST126   ",F,28,"5173           ",Cl,30.00,"126       ",2023-10-26,3
"CUST127   ",F,33,"5790           ",Cl,25.00,"127       ",2023-07-24,2
"CUST128   ",M,25,"3816           ",Be,500.00,"128       ",2023-07-05,1
"CUST129   ",F,21,"3896           ",Be,300.00,"129       ",2023-04-23,2
"CUST013   ",M,22,"6961           ",El,500.00,"13        ",2023-08-05,3
"CUST131   ",F,21,"6121           ",Be,300.00,"131       ",2023-09-18,2
"CUST132   ",M,42,"3726           ",El,50.00,"132       ",2023-09-10,4
"CUST133   ",M,20,"6117           ",El,300.00,"133       ",2023-02-16,3
"CUST135   ",M,20,"4415           ",Cl,25.00,"135       ",2023-02-26,2
"CUST136   ",M,44,"1712           ",El,300.00,"136       ",2023-03-20,2
"CUST137   ",M,46,"6264           ",Be,500.00,"137       ",2023-11-18,2
"CUST138   ",M,49,"2452           ",Cl,50.00,"138       ",2023-03-23,4
"CUST139   ",M,36,"6077           ",Be,500.00,"139       ",2023-12-15,4
"CUST014   ",M,64,"5061           ",Cl,30.00,"14        ",2023-01-17,4
"CUST140   ",M,38,"5043           ",El,30.00,"140       ",2023-08-05,1
"CUST141   ",F,22,"5661           ",El,50.00,"141       ",2023-11-02,1
"CUST142   ",M,35,"3963           ",El,300.00,"142       ",2023-02-02,4
"CUST143   ",F,45,"4747           ",Cl,50.00,"143       ",2023-07-17,1
"CUST144   ",F,59,"5627           ",Be,500.00,"144       ",2023-07-15,3
"CUST145   ",F,39,"2646           ",Cl,25.00,"145       ",2023-11-02,3
"CUST146   ",M,38,"6559           ",Cl,50.00,"146       ",2023-08-28,4
"CUST147   ",M,23,"5155           ",El,300.00,"147       ",2023-09-28,1
"CUST148   ",M,18,"3736           ",Cl,30.00,"148       ",2023-05-09,2
"CUST015   ",F,42,"6177           ",El,500.00,"15        ",2023-01-16,4
"CUST150   ",F,58,"5851           ",El,30.00,"150       ",2023-01-06,4
"CUST151   ",M,29,"5849           ",Cl,50.00,"151       ",2023-12-15,1
"CUST152   ",M,43,"4018           ",El,500.00,"152       ",2023-02-28,4
"CUST153   ",M,63,"5761           ",El,500.00,"153       ",2023-12-16,2
"CUST154   ",M,51,"6890           ",El,300.00,"154       ",2023-10-02,3
"CUST155   ",M,31,"6735           ",El,500.00,"155       ",2023-05-17,4
"CUST156   ",F,43,"4545           ",Cl,25.00,"156       ",2023-11-25,4
"CUST157   ",M,62,"6770           ",El,500.00,"157       ",2023-06-24,4
"CUST158   ",F,44,"3621           ",El,300.00,"158       ",2023-02-27,2
"CUST016   ",M,19,"4081           ",Cl,500.00,"16        ",2023-02-17,3
"CUST161   ",M,64,"6404           ",Be,500.00,"161       ",2023-03-22,2
"CUST162   ",M,39,"4455           ",Cl,30.00,"162       ",2023-08-21,2
"CUST163   ",F,64,"5613           ",Cl,50.00,"163       ",2023-01-02,3
"CUST166   ",M,34,"3504           ",Cl,500.00,"166       ",2023-04-02,4
"CUST167   ",F,43,"5984           ",Cl,50.00,"167       ",2023-09-17,3
"CUST168   ",M,53,"3529           ",Cl,300.00,"168       ",2023-02-24,1
"CUST017   ",F,27,"6294           ",Cl,25.00,"17        ",2023-04-22,4
"CUST170   ",F,25,"4409           ",Cl,25.00,"170       ",2023-06-02,2
"CUST171   ",F,52,"2521           ",Cl,300.00,"171       ",2023-11-24,3
"CUST173   ",M,64,"6501           ",El,30.00,"173       ",2023-11-08,4
"CUST174   ",F,39,"5577           ",Be,300.00,"174       ",2023-04-12,1
"CUST175   ",F,31,"2496           ",El,25.00,"175       ",2023-03-20,4
"CUST176   ",F,43,"6442           ",Be,50.00,"176       ",2023-07-11,2
"CUST177   ",M,45,"4388           ",Be,50.00,"177       ",2023-03-24,2
"CUST178   ",M,40,"4814           ",Cl,30.00,"178       ",2023-10-04,2
"CUST179   ",M,31,"5178           ",El,300.00,"179       ",2023-09-29,1
"CUST018   ",F,47,"1545           ",El,25.00,"18        ",2023-04-30,2
"CUST182   ",M,62,"3312           ",Be,30.00,"182       ",2023-06-15,4
"CUST183   ",F,43,"5611           ",Be,300.00,"183       ",2023-09-08,3
"CUST184   ",M,31,"5533           ",El,50.00,"184       ",2023-01-10,4
"CUST186   ",M,20,"1508           ",Cl,50.00,"186       ",2023-07-05,4
"CUST187   ",F,64,"6242           ",Cl,50.00,"187       ",2023-06-07,2
"CUST188   ",M,40,"3623           ",Cl,25.00,"188       ",2023-05-03,3
"CUST189   ",M,63,"2634           ",Be,50.00,"189       ",2023-01-30,1
"CUST019   ",F,62,"2469           ",Cl,25.00,"19        ",2023-09-16,2
"CUST190   ",F,60,"1855           ",Be,30.00,"190       ",2023-05-04,3
"CUST192   ",M,62,"5691           ",Be,50.00,"192       ",2023-02-10,2
"CUST193   ",M,35,"6547           ",Be,500.00,"193       ",2023-02-13,3
"CUST194   ",M,55,"3238           ",Cl,50.00,"194       ",2023-09-06,4
"CUST195   ",M,52,"1757           ",Cl,30.00,"195       ",2023-02-05,1
"CUST196   ",F,32,"4729           ",Cl,300.00,"196       ",2023-09-30,3
"CUST197   ",F,42,"6856           ",Cl,50.00,"197       ",2023-03-06,4
"CUST198   ",F,54,"2546           ",Be,300.00,"198       ",2023-03-07,3
"CUST199   ",M,45,"4773           ",Be,500.00,"199       ",2023-12-04,3
"CUST020   ",M,22,"5013           ",Cl,300.00,"20        ",2023-11-05,3
"CUST200   ",M,27,"2398           ",Be,50.00,"200       ",2023-09-01,3
"CUST201   ",M,56,"3144           ",El,25.00,"201       ",2023-10-09,1
"CUST202   ",F,34,"4514           ",Cl,300.00,"202       ",2023-03-26,4
"CUST204   ",M,39,"5010           ",Be,25.00,"204       ",2023-09-28,1
"CUST205   ",F,43,"4497           ",Cl,25.00,"205       ",2023-11-07,1
"CUST206   ",M,61,"5414           ",Cl,25.00,"206       ",2023-08-05,1
"CUST207   ",F,42,"1716           ",Be,25.00,"207       ",2023-04-19,2
"CUST208   ",F,34,"6429           ",El,50.00,"208       ",2023-10-04,4
"CUST209   ",F,30,"2813           ",El,50.00,"209       ",2023-12-20,4
"CUST021   ",F,50,"5040           ",Be,500.00,"21        ",2023-01-14,1
"CUST210   ",M,37,"4465           ",El,50.00,"210       ",2023-04-13,4
"CUST211   ",M,42,"5956           ",Be,500.00,"211       ",2024-01-01,3
"CUST212   ",M,21,"4244           ",Cl,500.00,"212       ",2023-06-09,3
"CUST213   ",M,27,"4425           ",Be,500.00,"213       ",2023-07-24,3
"CUST215   ",M,58,"6545           ",Cl,500.00,"215       ",2023-11-29,3
"CUST216   ",M,62,"1663           ",El,50.00,"216       ",2023-07-11,2
"CUST217   ",F,35,"1570           ",El,50.00,"217       ",2023-08-13,4
"CUST022   ",M,18,"1809           ",Cl,50.00,"22        ",2023-10-15,2
"CUST220   ",M,64,"5287           ",Be,500.00,"220       ",2023-03-03,1
"CUST222   ",M,51,"1989           ",Cl,30.00,"222       ",2023-04-26,4
"CUST223   ",F,64,"6176           ",Cl,25.00,"223       ",2023-02-02,1
"CUST224   ",F,25,"5804           ",Cl,50.00,"224       ",2023-06-23,1
"CUST225   ",F,57,"1984           ",Be,25.00,"225       ",2023-01-11,4
"CUST226   ",F,61,"3345           ",Cl,50.00,"226       ",2023-10-29,1
"CUST227   ",M,36,"6676           ",El,50.00,"227       ",2023-10-11,2
"CUST228   ",F,59,"4156           ",El,30.00,"228       ",2023-04-28,2
"CUST229   ",M,58,"1832           ",Be,30.00,"229       ",2023-10-29,3
"CUST023   ",F,35,"6317           ",Cl,30.00,"23        ",2023-04-12,4
"CUST230   ",M,54,"5545           ",Be,25.00,"230       ",2023-04-23,1
"CUST231   ",F,23,"2876           ",Cl,50.00,"231       ",2023-01-04,3
"CUST232   ",F,43,"4962           ",Be,25.00,"232       ",2023-02-06,1
"CUST233   ",F,51,"1856           ",Be,300.00,"233       ",2023-12-29,2
"CUST234   ",F,62,"6563           ",El,25.00,"234       ",2023-11-20,2
"CUST235   ",F,23,"5746           ",El,500.00,"235       ",2023-01-31,2
"CUST236   ",F,54,"3902           ",Cl,25.00,"236       ",2023-04-28,1
"CUST237   ",F,50,"1950           ",Be,500.00,"237       ",2023-02-04,2
"CUST238   ",F,39,"5382           ",Be,500.00,"238       ",2023-01-17,1
"CUST239   ",M,38,"3904           ",El,500.00,"239       ",2023-06-19,3
"CUST024   ",F,49,"6700           ",Cl,300.00,"24        ",2023-11-29,1
"CUST240   ",F,23,"1546           ",Be,300.00,"240       ",2023-02-06,1
"CUST241   ",F,23,"1673           ",El,25.00,"241       ",2023-09-21,3
"CUST243   ",F,47,"6018           ",El,300.00,"243       ",2023-05-23,3
"CUST244   ",M,28,"2349           ",Be,50.00,"244       ",2023-12-09,2
"CUST245   ",M,47,"4816           ",Cl,30.00,"245       ",2023-09-06,3
"CUST246   ",F,48,"3265           ",El,25.00,"246       ",2023-04-20,2
"CUST247   ",M,41,"6345           ",El,30.00,"247       ",2023-10-04,2
"CUST248   ",M,26,"5747           ",Cl,300.00,"248       ",2023-03-09,3
"CUST249   ",M,20,"3882           ",Cl,50.00,"249       ",2023-10-20,1
"CUST025   ",F,64,"4584           ",Be,50.00,"25        ",2023-12-26,1
"CUST250   ",M,48,"4304           ",El,50.00,"250       ",2023-10-23,1
"CUST251   ",F,57,"3196           ",Be,50.00,"251       ",2023-08-31,4
"CUST255   ",M,48,"6126           ",Cl,30.00,"255       ",2023-04-08,1
"CUST256   ",M,23,"4573           ",Cl,500.00,"256       ",2023-02-18,2
"CUST257   ",M,19,"2212           ",Be,500.00,"257       ",2023-02-19,4
"CUST258   ",F,37,"4839           ",Cl,50.00,"258       ",2023-12-04,1
"CUST259   ",F,45,"4686           ",Cl,50.00,"259       ",2023-08-09,4
"CUST026   ",F,28,"3143           ",El,500.00,"26        ",2023-10-07,2
"CUST260   ",M,28,"4954           ",Be,30.00,"260       ",2023-07-01,2
"CUST262   ",F,32,"3467           ",Be,30.00,"262       ",2023-07-30,4
"CUST263   ",M,23,"4583           ",Be,30.00,"263       ",2023-08-28,2
"CUST264   ",M,47,"5186           ",Cl,300.00,"264       ",2023-01-28,3
"CUST265   ",M,55,"6251           ",Cl,300.00,"265       ",2023-12-11,3
"CUST266   ",F,19,"6207           ",El,30.00,"266       ",2023-12-01,2
"CUST267   ",F,32,"4134           ",Be,30.00,"267       ",2023-11-27,3
"CUST269   ",M,25,"2425           ",Cl,500.00,"269       ",2023-02-01,4
"CUST027   ",F,38,"3329           ",Be,25.00,"27        ",2023-08-03,2
"CUST270   ",M,43,"6170           ",El,300.00,"270       ",2023-07-26,1
"CUST272   ",F,61,"2953           ",El,50.00,"272       ",2023-02-25,2
"CUST273   ",F,22,"2263           ",Be,50.00,"273       ",2023-05-08,1
"CUST276   ",F,21,"1501           ",Be,25.00,"276       ",2023-10-02,4
"CUST278   ",F,37,"2348           ",Cl,25.00,"278       ",2023-03-13,4
"CUST279   ",M,50,"6658           ",Cl,500.00,"279       ",2023-08-05,1
"CUST028   ",F,43,"6799           ",Be,500.00,"28        ",2023-04-23,1
"CUST280   ",F,37,"6874           ",Cl,500.00,"280       ",2023-04-04,3
"CUST281   ",F,29,"6597           ",Be,500.00,"281       ",2023-05-23,4
"CUST283   ",F,18,"3797           ",El,500.00,"283       ",2023-05-08,1
"CUST285   ",F,31,"3877           ",El,25.00,"285       ",2023-08-15,1
"CUST286   ",M,55,"3048           ",El,25.00,"286       ",2023-10-09,2
"CUST287   ",M,54,"5003           ",Cl,25.00,"287       ",2023-02-20,4
"CUST288   ",M,28,"3617           ",Cl,30.00,"288       ",2023-01-26,4
"CUST289   ",M,53,"2300           ",El,30.00,"289       ",2023-11-30,2
"CUST029   ",F,42,"4290           ",El,30.00,"29        ",2023-08-18,1
"CUST291   ",M,60,"3695           ",Cl,300.00,"291       ",2023-01-08,2
"CUST292   ",M,20,"2363           ",Be,300.00,"292       ",2023-02-17,4
"CUST293   ",M,50,"2197           ",El,30.00,"293       ",2023-05-02,3
"CUST294   ",F,23,"3752           ",Cl,30.00,"294       ",2023-03-27,3
"CUST295   ",F,27,"1824           ",Be,300.00,"295       ",2023-07-28,3
"CUST296   ",F,22,"6909           ",Cl,300.00,"296       ",2023-09-06,4
"CUST297   ",F,40,"3018           ",El,500.00,"297       ",2023-09-04,2
"CUST003   ",M,50,"4916           ",El,30.00,"3         ",2023-01-13,1
"CUST030   ",F,39,"3394           ",Be,300.00,"30        ",2023-10-29,3
"CUST300   ",F,19,"5001           ",El,50.00,"300       ",2023-01-31,4
"CUST301   ",M,30,"2078           ",Cl,30.00,"301       ",2023-03-26,4
"CUST302   ",M,57,"2208           ",Be,300.00,"302       ",2023-07-14,2
"CUST303   ",M,19,"6994           ",El,30.00,"303       ",2023-01-02,3
"CUST304   ",F,37,"6010           ",El,30.00,"304       ",2023-07-19,2
"CUST306   ",M,54,"2678           ",El,50.00,"306       ",2023-08-21,1
"CUST307   ",F,26,"4292           ",El,25.00,"307       ",2023-05-27,2
"CUST309   ",F,26,"3639           ",Be,25.00,"309       ",2023-12-23,1
"CUST031   ",M,44,"3739           ",El,300.00,"31        ",2023-05-23,4
"CUST311   ",F,32,"3131           ",Be,25.00,"311       ",2023-12-05,4
"CUST312   ",M,41,"6709           ",Cl,30.00,"312       ",2023-09-07,4
"CUST313   ",F,55,"4050           ",Be,500.00,"313       ",2023-03-21,3
"CUST315   ",M,47,"2333           ",Cl,30.00,"315       ",2023-06-01,2
"CUST317   ",M,22,"5582           ",El,30.00,"317       ",2023-01-30,3
"CUST319   ",M,31,"3706           ",Cl,500.00,"319       ",2023-10-05,1
"CUST320   ",F,28,"1903           ",El,300.00,"320       ",2023-02-01,4
"CUST321   ",F,26,"3889           ",El,25.00,"321       ",2023-06-10,2
"CUST322   ",M,51,"2402           ",El,500.00,"322       ",2023-01-30,1
"CUST323   ",F,29,"4878           ",Be,300.00,"323       ",2023-01-26,3
"CUST324   ",F,52,"6411           ",El,50.00,"324       ",2023-10-27,3
"CUST325   ",F,52,"1684           ",El,25.00,"325       ",2023-09-02,2
"CUST326   ",F,18,"6223           ",Cl,25.00,"326       ",2023-09-15,3
"CUST328   ",M,39,"2281           ",Be,50.00,"328       ",2023-03-22,2
"CUST329   ",F,46,"6946           ",El,25.00,"329       ",2023-01-30,4
"CUST033   ",F,50,"6839           ",El,50.00,"33        ",2023-03-23,2
"CUST331   ",M,28,"5631           ",El,30.00,"331       ",2023-02-11,3
"CUST332   ",M,58,"3879           ",El,300.00,"332       ",2023-04-06,4
"CUST333   ",F,54,"4208           ",El,300.00,"333       ",2023-02-05,4
"CUST335   ",F,47,"4080           ",Be,30.00,"335       ",2023-02-04,4
"CUST336   ",F,52,"6202           ",Be,50.00,"336       ",2023-12-12,3
"CUST338   ",M,54,"5763           ",Be,50.00,"338       ",2023-07-26,2
"CUST339   ",F,22,"6713           ",El,25.00,"339       ",2023-03-03,2
"CUST034   ",F,51,"4281           ",Cl,50.00,"34        ",2023-12-24,3
"CUST340   ",F,36,"3532           ",Cl,300.00,"340       ",2023-10-19,4
"CUST341   ",M,31,"3244           ",Cl,50.00,"341       ",2023-05-07,4
"CUST342   ",F,43,"5347           ",Cl,500.00,"342       ",2023-10-24,4
"CUST343   ",M,21,"6259           ",El,25.00,"343       ",2023-11-01,2
"CUST344   ",F,42,"4913           ",Be,30.00,"344       ",2023-01-21,1
"CUST345   ",M,62,"3727           ",El,30.00,"345       ",2023-11-14,1
"CUST347   ",M,42,"4827           ",El,25.00,"347       ",2023-08-03,1
"CUST348   ",F,35,"4532           ",El,300.00,"348       ",2023-12-03,2
"CUST349   ",F,57,"2292           ",Be,50.00,"349       ",2023-10-26,1
"CUST035   ",F,58,"2518           ",Be,300.00,"35        ",2023-08-05,3
"CUST350   ",M,25,"4985           ",Be,25.00,"350       ",2023-10-17,3
"CUST351   ",F,56,"3364           ",Cl,30.00,"351       ",2023-09-25,3
"CUST352   ",M,57,"2297           ",El,500.00,"352       ",2023-06-11,2
"CUST353   ",M,31,"4055           ",El,500.00,"353       ",2023-05-14,1
"CUST354   ",F,49,"2601           ",Be,50.00,"354       ",2023-04-15,4
"CUST355   ",F,55,"5909           ",El,500.00,"355       ",2023-12-09,1
"CUST356   ",M,50,"5950           ",El,500.00,"356       ",2023-06-10,3
"CUST358   ",F,32,"5861           ",Be,300.00,"358       ",2023-05-16,1
"CUST359   ",M,50,"3418           ",Cl,50.00,"359       ",2023-07-22,1
"CUST036   ",M,52,"4999           ",Be,300.00,"36        ",2023-06-24,3
"CUST360   ",M,42,"4462           ",Cl,25.00,"360       ",2023-03-09,4
"CUST361   ",F,34,"6489           ",El,300.00,"361       ",2023-12-10,4
"CUST362   ",M,50,"4535           ",Cl,25.00,"362       ",2023-11-27,1
"CUST364   ",F,19,"6763           ",Be,500.00,"364       ",2023-08-23,1
"CUST365   ",M,31,"2392           ",Cl,300.00,"365       ",2023-06-11,1
"CUST366   ",M,57,"5653           ",Cl,50.00,"366       ",2023-02-07,2
"CUST367   ",F,57,"5290           ",El,50.00,"367       ",2023-01-05,1
"CUST368   ",F,56,"2440           ",Cl,300.00,"368       ",2023-08-23,4
"CUST369   ",M,23,"1839           ",El,500.00,"369       ",2023-11-15,3
"CUST037   ",F,18,"4691           ",Be,25.00,"37        ",2023-05-23,3
"CUST370   ",M,23,"6453           ",El,30.00,"370       ",2023-10-16,2
"CUST371   ",F,20,"3735           ",Be,25.00,"371       ",2023-02-21,1
"CUST373   ",F,25,"4183           ",Be,300.00,"373       ",2023-10-03,2
"CUST374   ",F,59,"4738           ",Be,25.00,"374       ",2023-04-20,3
"CUST375   ",M,32,"4712           ",Cl,50.00,"375       ",2023-09-17,1
"CUST376   ",F,64,"3413           ",Be,30.00,"376       ",2023-05-16,1
"CUST377   ",F,46,"3743           ",Cl,50.00,"377       ",2023-03-09,4
"CUST378   ",M,50,"4733           ",Be,300.00,"378       ",2023-06-28,1
"CUST379   ",F,47,"1879           ",Cl,25.00,"379       ",2023-02-05,1
"CUST038   ",M,38,"1892           ",Be,50.00,"38        ",2023-03-21,4
"CUST380   ",M,56,"6032           ",El,300.00,"380       ",2023-05-06,2
"CUST381   ",F,44,"2164           ",Cl,25.00,"381       ",2023-07-09,4
"CUST382   ",F,53,"5530           ",Cl,500.00,"382       ",2023-05-26,2
"CUST384   ",M,55,"5983           ",Cl,500.00,"384       ",2023-08-13,1
"CUST385   ",M,50,"4654           ",El,500.00,"385       ",2023-10-06,3
"CUST386   ",F,54,"3547           ",El,300.00,"386       ",2023-12-27,2
"CUST388   ",M,50,"2366           ",El,25.00,"388       ",2023-11-10,1
"CUST389   ",M,21,"2620           ",Cl,25.00,"389       ",2023-12-01,2
"CUST039   ",M,23,"6762           ",Cl,30.00,"39        ",2023-04-21,4
"CUST390   ",M,39,"2629           ",El,50.00,"390       ",2023-09-28,2
"CUST391   ",M,19,"3950           ",Be,25.00,"391       ",2023-01-05,2
"CUST392   ",M,27,"1936           ",Cl,300.00,"392       ",2023-12-08,2
"CUST393   ",F,22,"1542           ",Be,500.00,"393       ",2023-10-11,2
"CUST394   ",F,27,"6715           ",Cl,500.00,"394       ",2023-06-03,1
"CUST395   ",M,50,"3491           ",El,500.00,"395       ",2023-12-06,2
"CUST397   ",F,30,"1558           ",Be,25.00,"397       ",2023-03-10,1
"CUST398   ",F,48,"3254           ",Cl,300.00,"398       ",2023-05-16,2
"CUST399   ",F,64,"4234           ",Be,30.00,"399       ",2023-03-01,2
"CUST004   ",M,37,"4172           ",Cl,500.00,"4         ",2023-05-21,1
"CUST040   ",M,45,"6957           ",Be,50.00,"40        ",2023-06-22,1
"CUST400   ",M,53,"3080           ",Cl,50.00,"400       ",2023-02-24,4
"CUST401   ",F,62,"5915           ",Cl,300.00,"401       ",2023-10-11,1
"CUST402   ",F,41,"6352           ",Cl,300.00,"402       ",2023-03-21,2
"CUST403   ",M,32,"1759           ",Cl,300.00,"403       ",2023-05-20,2
"CUST404   ",M,46,"4759           ",El,500.00,"404       ",2023-05-25,2
"CUST405   ",F,25,"5302           ",Cl,300.00,"405       ",2023-11-06,4
"CUST406   ",F,22,"3732           ",Be,25.00,"406       ",2023-04-18,4
"CUST408   ",F,64,"5299           ",Be,500.00,"408       ",2023-04-15,1
"CUST409   ",F,21,"3367           ",El,300.00,"409       ",2023-12-18,3
"CUST041   ",M,34,"3300           ",Cl,25.00,"41        ",2023-02-22,2
"CUST410   ",F,29,"3554           ",Cl,50.00,"410       ",2023-11-21,2
"CUST411   ",M,62,"1942           ",El,50.00,"411       ",2023-05-16,4
"CUST412   ",F,19,"6286           ",El,500.00,"412       ",2023-09-16,4
"CUST413   ",F,44,"5685           ",Be,25.00,"413       ",2023-09-08,3
"CUST414   ",M,48,"6283           ",Be,25.00,"414       ",2023-05-09,4
"CUST415   ",M,53,"5348           ",Cl,30.00,"415       ",2023-01-27,2
"CUST416   ",M,53,"5242           ",El,500.00,"416       ",2023-02-17,4
"CUST418   ",F,60,"3344           ",El,500.00,"418       ",2023-08-05,2
"CUST419   ",F,44,"6707           ",Cl,30.00,"419       ",2023-05-22,3
"CUST042   ",M,22,"4126           ",Cl,300.00,"42        ",2023-02-17,3
"CUST420   ",F,22,"5563           ",Cl,500.00,"420       ",2023-01-23,4
"CUST421   ",F,37,"4968           ",Cl,500.00,"421       ",2023-01-02,3
"CUST423   ",F,27,"4266           ",Cl,25.00,"423       ",2023-03-08,1
"CUST424   ",M,57,"1681           ",Be,300.00,"424       ",2023-11-23,4
"CUST425   ",F,55,"2768           ",El,30.00,"425       ",2023-05-15,4
"CUST426   ",M,23,"5101           ",El,50.00,"426       ",2023-03-24,3
"CUST427   ",M,25,"4540           ",El,25.00,"427       ",2023-08-15,1
"CUST428   ",F,40,"5891           ",El,50.00,"428       ",2023-10-10,4
"CUST429   ",M,64,"4368           ",El,25.00,"429       ",2023-12-28,2
"CUST043   ",F,48,"1622           ",Cl,300.00,"43        ",2023-07-14,1
"CUST430   ",F,43,"4330           ",El,300.00,"430       ",2023-08-07,3
"CUST431   ",M,63,"2062           ",El,300.00,"431       ",2023-10-15,4
"CUST434   ",F,43,"6525           ",El,25.00,"434       ",2023-02-08,2
"CUST436   ",F,57,"6576           ",Cl,30.00,"436       ",2023-03-18,4
"CUST437   ",F,35,"6984           ",El,300.00,"437       ",2023-10-07,4
"CUST438   ",F,42,"4251           ",Cl,30.00,"438       ",2023-01-19,1
"CUST439   ",M,50,"6574           ",Cl,25.00,"439       ",2023-07-09,3
"CUST440   ",M,64,"5929           ",Cl,300.00,"440       ",2023-10-26,2
"CUST442   ",F,60,"2319           ",Cl,25.00,"442       ",2023-03-17,4
"CUST443   ",M,29,"4241           ",Cl,300.00,"443       ",2023-08-09,2
"CUST444   ",F,61,"5097           ",Cl,30.00,"444       ",2023-03-07,3
"CUST445   ",F,53,"3947           ",El,300.00,"445       ",2023-01-22,1
"CUST446   ",M,21,"6982           ",El,50.00,"446       ",2023-06-07,1
"CUST447   ",M,22,"2638           ",Be,500.00,"447       ",2023-07-06,4
"CUST448   ",F,54,"2821           ",Be,30.00,"448       ",2023-01-21,2
"CUST449   ",M,25,"1547           ",El,50.00,"449       ",2023-07-03,4
"CUST045   ",F,55,"3611           ",El,30.00,"45        ",2023-07-03,1
"CUST450   ",F,59,"3652           ",Be,25.00,"450       ",2023-04-18,2
"CUST451   ",F,45,"1859           ",El,30.00,"451       ",2023-12-16,1
"CUST452   ",F,48,"4510           ",Cl,500.00,"452       ",2023-05-08,3
"CUST453   ",F,26,"3264           ",Cl,500.00,"453       ",2023-12-08,2
"CUST454   ",F,46,"6868           ",Be,25.00,"454       ",2023-02-22,1
"CUST455   ",M,31,"4360           ",El,25.00,"455       ",2023-07-01,4
"CUST456   ",M,57,"6860           ",El,30.00,"456       ",2023-10-14,2
"CUST457   ",F,58,"4908           ",Be,300.00,"457       ",2023-07-28,3
"CUST458   ",F,39,"4987           ",El,25.00,"458       ",2023-11-14,4
"CUST459   ",M,28,"3566           ",Cl,300.00,"459       ",2023-03-21,4
"CUST046   ",F,20,"2283           ",El,300.00,"46        ",2023-06-26,4
"CUST460   ",M,40,"3675           ",Be,50.00,"460       ",2023-05-02,1
"CUST461   ",F,18,"6033           ",Be,500.00,"461       ",2023-03-25,2
"CUST463   ",F,54,"1620           ",Be,500.00,"463       ",2023-07-31,3
"CUST465   ",F,43,"6571           ",El,50.00,"465       ",2023-04-02,3
"CUST466   ",M,63,"3262           ",El,25.00,"466       ",2023-06-20,4
"CUST467   ",F,53,"4396           ",El,50.00,"467       ",2023-07-30,3
"CUST468   ",M,40,"5605           ",El,25.00,"468       ",2023-12-09,1
"CUST469   ",M,18,"4017           ",Be,25.00,"469       ",2023-05-08,3
"CUST047   ",F,40,"4204           ",Be,500.00,"47        ",2023-11-06,3
"CUST470   ",F,57,"4132           ",Cl,500.00,"470       ",2023-05-17,2
"CUST471   ",M,32,"4042           ",Cl,50.00,"471       ",2023-03-23,3
"CUST472   ",F,38,"4523           ",Be,300.00,"472       ",2023-12-26,3
"CUST473   ",M,64,"6277           ",Be,50.00,"473       ",2023-02-25,1
"CUST474   ",F,26,"1807           ",Cl,500.00,"474       ",2023-07-15,3
"CUST475   ",M,26,"4569           ",Cl,25.00,"475       ",2023-01-20,3
"CUST476   ",F,27,"5869           ",Cl,500.00,"476       ",2023-08-29,4
"CUST479   ",M,52,"2148           ",El,300.00,"479       ",2023-08-24,4
"CUST048   ",M,54,"5241           ",El,300.00,"48        ",2023-05-16,3
"CUST480   ",F,42,"4106           ",Be,500.00,"480       ",2023-06-29,4
"CUST481   ",F,43,"4958           ",El,300.00,"481       ",2023-06-06,4
"CUST482   ",F,28,"6063           ",Cl,300.00,"482       ",2023-04-27,4
"CUST483   ",M,55,"5082           ",Cl,30.00,"483       ",2023-04-25,1
"CUST485   ",M,24,"2558           ",El,30.00,"485       ",2023-12-04,1
"CUST486   ",F,35,"4343           ",El,25.00,"486       ",2023-04-09,1
"CUST487   ",M,44,"2356           ",Cl,500.00,"487       ",2023-07-24,4
"CUST488   ",F,51,"4228           ",El,300.00,"488       ",2023-06-18,3
"CUST489   ",M,44,"5962           ",El,30.00,"489       ",2023-05-23,1
"CUST049   ",F,54,"2488           ",El,500.00,"49        ",2023-01-23,2
"CUST490   ",M,34,"1842           ",Cl,50.00,"490       ",2023-02-05,3
"CUST491   ",F,60,"1623           ",El,300.00,"491       ",2023-05-23,3
"CUST492   ",M,61,"3039           ",Be,25.00,"492       ",2023-06-29,4
"CUST493   ",M,41,"5203           ",Be,25.00,"493       ",2023-11-25,2
"CUST494   ",F,42,"5581           ",Be,50.00,"494       ",2023-09-18,4
"CUST495   ",M,24,"1619           ",Be,30.00,"495       ",2023-07-24,2
"CUST497   ",M,41,"4797           ",Cl,30.00,"497       ",2023-10-02,4
"CUST498   ",F,50,"3632           ",Cl,25.00,"498       ",2023-06-19,4
"CUST005   ",M,30,"3088           ",Be,50.00,"5         ",2023-05-06,2
"CUST050   ",F,27,"6309           ",Be,25.00,"50        ",2023-08-24,3
"CUST500   ",F,60,"3085           ",Be,25.00,"500       ",2023-03-01,4
"CUST502   ",M,43,"3371           ",El,50.00,"502       ",2023-04-02,3
"CUST503   ",M,45,"1761           ",Be,500.00,"503       ",2023-10-25,4
"CUST506   ",M,34,"5386           ",Be,500.00,"506       ",2023-02-25,3
"CUST507   ",F,37,"2357           ",El,500.00,"507       ",2023-11-02,3
"CUST508   ",M,58,"6920           ",Be,300.00,"508       ",2023-08-11,2
"CUST509   ",F,37,"6276           ",El,300.00,"509       ",2023-06-26,3
"CUST051   ",M,27,"5512           ",Be,25.00,"51        ",2023-10-02,3
"CUST510   ",F,39,"2207           ",Be,50.00,"510       ",2023-06-10,4
"CUST511   ",M,45,"4454           ",Be,50.00,"511       ",2023-08-12,2
"CUST512   ",F,57,"3141           ",Be,25.00,"512       ",2023-11-07,1
"CUST516   ",M,30,"6637           ",Be,25.00,"516       ",2023-10-23,4
"CUST519   ",F,36,"5775           ",El,30.00,"519       ",2023-01-23,4
"CUST052   ",F,36,"2250           ",Be,300.00,"52        ",2023-03-05,1
"CUST520   ",F,49,"2162           ",El,25.00,"520       ",2023-12-29,4
"CUST521   ",F,47,"3713           ",Cl,30.00,"521       ",2023-08-12,4
"CUST522   ",M,46,"5453           ",Be,500.00,"522       ",2023-01-01,3
"CUST523   ",F,62,"6158           ",El,300.00,"523       ",2023-09-24,1
"CUST524   ",M,46,"5570           ",Be,300.00,"524       ",2023-10-03,4
"CUST528   ",F,36,"3551           ",Cl,30.00,"528       ",2023-07-06,2
"CUST529   ",F,35,"5953           ",Cl,50.00,"529       ",2023-08-09,3
"CUST053   ",M,34,"6967           ",El,50.00,"53        ",2023-07-13,2
"CUST530   ",F,18,"1975           ",El,30.00,"530       ",2023-02-05,4
"CUST534   ",M,45,"5413           ",Cl,500.00,"534       ",2023-06-10,2
"CUST535   ",M,47,"4709           ",Be,30.00,"535       ",2023-12-06,3
"CUST536   ",F,55,"3948           ",Be,30.00,"536       ",2023-03-05,4
"CUST538   ",M,18,"4407           ",Cl,50.00,"538       ",2023-09-17,3
"CUST539   ",M,25,"4501           ",Be,500.00,"539       ",2023-06-08,1
"CUST054   ",F,38,"6133           ",El,500.00,"54        ",2023-02-10,3
"CUST540   ",F,46,"3255           ",El,300.00,"540       ",2023-12-08,3
"CUST541   ",M,56,"5986           ",Be,500.00,"541       ",2023-07-29,1
"CUST542   ",F,20,"2439           ",Be,50.00,"542       ",2023-06-17,1
"CUST543   ",M,49,"3883           ",Be,300.00,"543       ",2023-07-26,2
"CUST545   ",M,27,"4451           ",Cl,25.00,"545       ",2023-06-01,2
"CUST547   ",M,63,"5300           ",Cl,500.00,"547       ",2023-03-07,4
"CUST548   ",F,51,"2307           ",Cl,30.00,"548       ",2023-04-09,2
"CUST549   ",F,50,"2150           ",Be,50.00,"549       ",2023-08-04,2
"CUST055   ",M,31,"3101           ",Be,30.00,"55        ",2023-10-10,4
"CUST550   ",M,40,"6451           ",Cl,300.00,"550       ",2023-12-07,3
"CUST551   ",M,45,"4224           ",El,300.00,"551       ",2023-07-14,3
"CUST552   ",F,49,"3789           ",El,25.00,"552       ",2023-12-13,3
"CUST553   ",M,24,"6258           ",Cl,300.00,"553       ",2023-03-31,4
"CUST554   ",F,46,"4181           ",Be,50.00,"554       ",2023-11-12,3
"CUST555   ",M,25,"6838           ",Be,300.00,"555       ",2023-10-19,1
"CUST556   ",F,18,"3973           ",El,50.00,"556       ",2023-06-04,1
"CUST557   ",F,20,"3436           ",Be,30.00,"557       ",2023-07-27,3
"CUST559   ",F,40,"6296           ",Cl,300.00,"559       ",2023-01-01,4
"CUST056   ",F,26,"6145           ",Cl,300.00,"56        ",2023-05-31,3
"CUST560   ",F,25,"6691           ",El,50.00,"560       ",2023-06-05,1
"CUST562   ",M,54,"5286           ",El,25.00,"562       ",2023-04-18,2
"CUST565   ",F,45,"4091           ",Be,30.00,"565       ",2023-11-07,2
"CUST566   ",F,64,"1560           ",Cl,30.00,"566       ",2023-12-02,1
"CUST567   ",F,25,"5496           ",Cl,300.00,"567       ",2023-06-14,3
"CUST568   ",F,51,"6851           ",El,300.00,"568       ",2023-08-27,1
"CUST569   ",M,52,"1502           ",El,50.00,"569       ",2023-08-15,4
"CUST570   ",M,49,"4353           ",Cl,500.00,"570       ",2023-08-15,1
"CUST571   ",F,41,"4979           ",El,50.00,"571       ",2023-12-12,1
"CUST572   ",M,31,"4904           ",Cl,500.00,"572       ",2023-04-20,4
"CUST574   ",F,63,"1621           ",El,25.00,"574       ",2023-08-31,2
"CUST575   ",M,60,"2238           ",Cl,50.00,"575       ",2023-03-28,2
"CUST576   ",F,33,"6979           ",Be,50.00,"576       ",2023-12-04,3
"CUST578   ",F,54,"1971           ",Cl,30.00,"578       ",2023-05-26,4
"CUST579   ",F,38,"3278           ",El,30.00,"579       ",2023-09-21,1
"CUST058   ",M,18,"2614           ",Cl,300.00,"58        ",2023-11-13,4
"CUST580   ",F,31,"3121           ",Cl,500.00,"580       ",2023-12-06,3
"CUST582   ",M,35,"3667           ",Cl,300.00,"582       ",2023-11-14,3
"CUST583   ",F,24,"2491           ",El,25.00,"583       ",2023-06-21,4
"CUST585   ",F,24,"3236           ",Cl,25.00,"585       ",2023-05-01,1
"CUST586   ",M,50,"4848           ",El,50.00,"586       ",2023-12-11,1
"CUST587   ",F,40,"3935           ",Be,300.00,"587       ",2023-06-08,4
"CUST589   ",F,36,"1576           ",Be,500.00,"589       ",2023-04-12,2
"CUST059   ",M,62,"3537           ",Cl,50.00,"59        ",2023-07-05,1
"CUST590   ",M,36,"2777           ",Cl,300.00,"590       ",2023-03-17,3
"CUST591   ",M,53,"6538           ",El,25.00,"591       ",2023-01-13,4
"CUST593   ",M,35,"4162           ",El,30.00,"593       ",2023-05-06,2
"CUST594   ",F,19,"5748           ",El,300.00,"594       ",2023-09-01,2
"CUST595   ",F,18,"4178           ",Cl,500.00,"595       ",2023-11-09,4
"CUST597   ",M,22,"3981           ",Be,300.00,"597       ",2023-08-22,4
"CUST599   ",F,28,"2264           ",Be,50.00,"599       ",2023-11-19,2
"CUST060   ",M,30,"4197           ",Be,50.00,"60        ",2023-10-23,3
"CUST600   ",F,59,"4886           ",Be,500.00,"600       ",2023-10-22,2
"CUST602   ",F,20,"1711           ",El,300.00,"602       ",2023-12-23,1
"CUST603   ",F,40,"5369           ",Cl,30.00,"603       ",2023-07-16,3
"CUST604   ",F,29,"3050           ",El,50.00,"604       ",2023-09-11,4
"CUST606   ",M,22,"2966           ",El,50.00,"606       ",2023-05-05,1
"CUST607   ",M,54,"3277           ",Cl,25.00,"607       ",2023-03-17,3
"CUST608   ",F,55,"1731           ",El,500.00,"608       ",2023-12-02,3
"CUST609   ",F,47,"2561           ",Cl,50.00,"609       ",2023-12-19,2
"CUST061   ",M,21,"2945           ",Be,50.00,"61        ",2023-04-09,4
"CUST610   ",F,26,"5163           ",Be,300.00,"610       ",2023-01-03,2
"CUST611   ",M,51,"6477           ",Be,500.00,"611       ",2023-02-24,3
"CUST612   ",F,61,"5706           ",El,500.00,"612       ",2023-08-06,1
"CUST615   ",F,61,"3272           ",Cl,25.00,"615       ",2023-12-23,4
"CUST616   ",M,41,"2980           ",Cl,50.00,"616       ",2023-09-23,2
"CUST617   ",M,34,"2031           ",El,30.00,"617       ",2023-08-26,1
"CUST618   ",F,27,"5561           ",Be,50.00,"618       ",2023-01-26,1
"CUST619   ",M,47,"3060           ",El,25.00,"619       ",2023-10-13,4
"CUST062   ",M,18,"6931           ",Be,50.00,"62        ",2023-12-27,2
"CUST620   ",M,63,"2950           ",El,25.00,"620       ",2023-05-08,3
"CUST621   ",F,40,"2617           ",Be,500.00,"621       ",2023-03-04,2
"CUST622   ",F,49,"2703           ",Be,25.00,"622       ",2023-08-22,3
"CUST623   ",M,34,"2344           ",Cl,50.00,"623       ",2023-03-10,3
"CUST624   ",F,34,"5204           ",Be,300.00,"624       ",2023-08-26,3
"CUST625   ",M,31,"6592           ",Cl,300.00,"625       ",2023-12-08,1
"CUST626   ",F,26,"6997           ",Cl,500.00,"626       ",2023-09-29,4
"CUST627   ",M,57,"3319           ",Cl,50.00,"627       ",2023-10-14,1
"CUST628   ",F,19,"6038           ",Be,50.00,"628       ",2023-11-01,4
"CUST629   ",M,62,"6825           ",El,25.00,"629       ",2023-06-12,2
"CUST063   ",M,57,"6986           ",El,25.00,"63        ",2023-02-05,2
"CUST630   ",M,42,"6480           ",Cl,50.00,"630       ",2023-08-15,2
"CUST631   ",M,56,"2897           ",El,30.00,"631       ",2023-11-10,3
"CUST632   ",F,26,"6307           ",El,25.00,"632       ",2023-09-16,4
"CUST633   ",M,39,"2731           ",Be,30.00,"633       ",2023-08-07,4
"CUST634   ",M,60,"1959           ",El,500.00,"634       ",2023-10-08,4
"CUST635   ",F,63,"2409           ",El,300.00,"635       ",2023-08-17,3
"CUST636   ",F,21,"3490           ",Be,500.00,"636       ",2023-03-23,3
"CUST637   ",M,43,"5780           ",Cl,300.00,"637       ",2023-09-01,2
"CUST638   ",M,46,"6580           ",El,500.00,"638       ",2023-08-19,1
"CUST639   ",F,62,"4946           ",Be,50.00,"639       ",2023-05-13,4
"CUST064   ",M,49,"2762           ",Cl,25.00,"64        ",2023-01-24,4
"CUST640   ",F,51,"4560           ",El,30.00,"640       ",2023-05-07,4
"CUST641   ",F,40,"2123           ",El,300.00,"641       ",2023-11-23,1
"CUST642   ",F,54,"6196           ",Cl,25.00,"642       ",2023-05-22,4
"CUST643   ",F,28,"4989           ",El,30.00,"643       ",2023-09-24,3
"CUST645   ",F,35,"4383           ",El,30.00,"645       ",2023-11-17,4
"CUST646   ",M,38,"4601           ",Cl,30.00,"646       ",2023-05-03,3
"CUST647   ",M,59,"6073           ",Cl,500.00,"647       ",2023-05-21,3
"CUST648   ",M,53,"5252           ",Be,300.00,"648       ",2023-08-14,4
"CUST065   ",M,51,"5088           ",El,500.00,"65        ",2023-12-05,4
"CUST650   ",M,55,"2083           ",El,30.00,"650       ",2024-01-01,1
"CUST651   ",M,51,"2447           ",Cl,50.00,"651       ",2023-05-27,3
"CUST652   ",F,34,"4642           ",Be,50.00,"652       ",2023-05-01,2
"CUST653   ",M,54,"2268           ",Cl,25.00,"653       ",2023-05-20,3
"CUST654   ",M,42,"3237           ",Cl,25.00,"654       ",2023-06-21,3
"CUST656   ",M,29,"3989           ",Be,30.00,"656       ",2023-10-04,3
"CUST657   ",M,40,"3291           ",Cl,25.00,"657       ",2023-02-11,1
"CUST658   ",M,59,"6591           ",Cl,25.00,"658       ",2023-03-12,1
"CUST659   ",F,39,"6555           ",El,30.00,"659       ",2023-03-19,1
"CUST066   ",F,45,"6360           ",El,30.00,"66        ",2023-04-27,1
"CUST661   ",F,44,"1719           ",Cl,25.00,"661       ",2023-07-16,4
"CUST662   ",M,48,"2403           ",Be,500.00,"662       ",2023-12-22,2
"CUST663   ",M,23,"2948           ",Cl,300.00,"663       ",2023-03-20,4
"CUST666   ",M,51,"4220           ",El,50.00,"666       ",2023-02-02,3
"CUST667   ",F,29,"4041           ",El,500.00,"667       ",2023-08-01,1
"CUST668   ",F,62,"3733           ",El,50.00,"668       ",2023-07-28,3
"CUST669   ",M,24,"6168           ",Be,300.00,"669       ",2023-06-19,4
"CUST067   ",F,48,"4105           ",Be,300.00,"67        ",2023-05-29,4
"CUST670   ",M,27,"2836           ",Be,30.00,"670       ",2023-10-05,1
"CUST671   ",M,62,"5115           ",El,50.00,"671       ",2023-08-27,3
"CUST673   ",F,43,"3471           ",Cl,500.00,"673       ",2023-02-01,3
"CUST674   ",F,38,"4229           ",Cl,300.00,"674       ",2023-04-16,1
"CUST675   ",F,45,"5724           ",Cl,30.00,"675       ",2023-08-04,2
"CUST676   ",M,63,"6721           ",El,500.00,"676       ",2023-07-19,3
"CUST677   ",F,19,"2114           ",Be,500.00,"677       ",2023-10-27,3
"CUST678   ",F,60,"2628           ",El,300.00,"678       ",2023-12-23,3
"CUST679   ",F,18,"3390           ",Be,30.00,"679       ",2023-01-11,3
"CUST068   ",M,25,"3930           ",El,300.00,"68        ",2023-02-10,1
"CUST680   ",F,53,"5931           ",Cl,300.00,"680       ",2023-10-22,3
"CUST683   ",M,38,"2504           ",Be,500.00,"683       ",2023-01-04,2
"CUST684   ",F,28,"2306           ",Cl,500.00,"684       ",2023-06-30,2
"CUST686   ",F,28,"3966           ",El,50.00,"686       ",2023-07-19,4
"CUST687   ",F,53,"4555           ",El,300.00,"687       ",2023-08-03,1
"CUST688   ",M,56,"6506           ",Cl,25.00,"688       ",2023-10-03,4
"CUST690   ",F,52,"2849           ",Cl,300.00,"690       ",2023-11-05,3
"CUST691   ",F,51,"2985           ",Cl,30.00,"691       ",2023-04-23,3
"CUST692   ",F,64,"2119           ",Cl,50.00,"692       ",2023-09-07,2
"CUST693   ",M,41,"5083           ",Be,500.00,"693       ",2023-04-23,3
"CUST694   ",F,39,"4592           ",El,25.00,"694       ",2023-05-20,2
"CUST696   ",F,50,"3673           ",Cl,50.00,"696       ",2023-09-06,4
"CUST698   ",F,64,"2702           ",El,300.00,"698       ",2023-07-19,1
"CUST699   ",F,37,"1578           ",Cl,30.00,"699       ",2023-06-22,4
"CUST070   ",F,43,"3044           ",Cl,300.00,"70        ",2023-02-21,1
"CUST700   ",M,36,"3613           ",El,500.00,"700       ",2023-12-09,4
"CUST701   ",F,52,"3870           ",Be,30.00,"701       ",2023-12-14,2
"CUST702   ",F,60,"5593           ",Cl,300.00,"702       ",2023-07-27,2
"CUST703   ",M,34,"2350           ",El,50.00,"703       ",2023-03-26,2
"CUST704   ",F,62,"2013           ",Cl,30.00,"704       ",2023-08-28,3
"CUST705   ",M,60,"6127           ",El,25.00,"705       ",2023-03-07,2
"CUST707   ",F,26,"2103           ",Cl,500.00,"707       ",2023-10-01,1
"CUST708   ",F,43,"1689           ",Be,300.00,"708       ",2023-01-14,3
"CUST709   ",F,19,"3893           ",El,500.00,"709       ",2023-07-21,2
"CUST710   ",F,26,"5191           ",El,500.00,"710       ",2023-10-31,3
"CUST711   ",M,26,"4473           ",El,500.00,"711       ",2023-10-16,3
"CUST712   ",F,57,"4417           ",Be,25.00,"712       ",2023-12-06,2
"CUST713   ",M,34,"1988           ",Be,25.00,"713       ",2023-01-14,3
"CUST714   ",F,18,"5937           ",Cl,500.00,"714       ",2023-02-12,1
"CUST715   ",F,42,"5905           ",Be,25.00,"715       ",2023-11-26,4
"CUST716   ",F,60,"1980           ",Cl,300.00,"716       ",2023-08-08,4
"CUST717   ",M,57,"4066           ",Cl,500.00,"717       ",2023-03-11,1
"CUST718   ",F,59,"6105           ",Be,25.00,"718       ",2023-08-25,3
"CUST719   ",F,42,"3056           ",Cl,30.00,"719       ",2023-04-04,2
"CUST072   ",F,20,"1816           ",El,500.00,"72        ",2023-05-23,4
"CUST720   ",F,56,"3808           ",Be,500.00,"720       ",2023-01-26,3
"CUST721   ",F,52,"6335           ",Cl,500.00,"721       ",2023-05-14,1
"CUST722   ",M,20,"3463           ",Be,300.00,"722       ",2023-07-14,3
"CUST723   ",F,54,"6060           ",Be,50.00,"723       ",2023-06-17,4
"CUST724   ",M,61,"4075           ",Cl,50.00,"724       ",2023-04-19,3
"CUST725   ",M,61,"5932           ",El,300.00,"725       ",2023-08-21,1
"CUST726   ",M,47,"5525           ",Cl,300.00,"726       ",2023-06-17,4
"CUST727   ",M,55,"5222           ",Be,300.00,"727       ",2023-06-22,3
"CUST731   ",M,54,"6773           ",Cl,500.00,"731       ",2023-05-10,4
"CUST732   ",M,61,"6319           ",El,500.00,"732       ",2023-02-11,2
"CUST733   ",M,34,"2757           ",Be,30.00,"733       ",2023-08-29,1
"CUST734   ",F,27,"2943           ",Cl,30.00,"734       ",2023-01-10,1
"CUST735   ",F,64,"1883           ",Cl,500.00,"735       ",2023-10-04,4
"CUST736   ",M,29,"1961           ",Cl,25.00,"736       ",2023-01-27,4
"CUST737   ",F,33,"2401           ",Cl,50.00,"737       ",2023-06-29,1
"CUST738   ",M,41,"3167           ",Cl,50.00,"738       ",2023-04-25,2
"CUST739   ",M,36,"5056           ",Be,25.00,"739       ",2023-11-29,1
"CUST741   ",M,48,"4784           ",Cl,300.00,"741       ",2023-11-30,1
"CUST742   ",F,38,"1870           ",El,500.00,"742       ",2023-01-21,4
"CUST743   ",F,34,"4279           ",Be,500.00,"743       ",2023-01-16,4
"CUST745   ",M,54,"3640           ",Be,50.00,"745       ",2023-04-13,2
"CUST746   ",F,33,"2774           ",Cl,30.00,"746       ",2023-01-11,3
"CUST747   ",M,23,"4011           ",Be,30.00,"747       ",2023-11-15,1
"CUST748   ",M,25,"2669           ",Cl,50.00,"748       ",2023-03-20,3
"CUST749   ",M,42,"4660           ",Be,30.00,"749       ",2023-05-03,1
"CUST750   ",F,35,"1905           ",Cl,25.00,"750       ",2023-03-06,3
"CUST751   ",F,42,"1931           ",Cl,25.00,"751       ",2023-08-31,2
"CUST752   ",M,29,"6633           ",Cl,50.00,"752       ",2023-12-09,2
"CUST753   ",F,32,"5994           ",Cl,30.00,"753       ",2023-02-28,1
"CUST754   ",F,43,"4325           ",El,25.00,"754       ",2023-10-16,4
"CUST757   ",F,43,"3892           ",El,300.00,"757       ",2023-12-25,4
"CUST758   ",M,64,"5882           ",Cl,25.00,"758       ",2023-05-12,4
"CUST759   ",M,49,"4538           ",El,50.00,"759       ",2023-07-08,2
"CUST760   ",M,27,"5378           ",Be,500.00,"760       ",2023-03-27,1
"CUST761   ",F,33,"2143           ",Cl,500.00,"761       ",2023-11-07,1
"CUST764   ",F,40,"5696           ",Cl,25.00,"764       ",2023-03-25,1
"CUST765   ",M,43,"3311           ",Cl,50.00,"765       ",2023-06-09,4
"CUST767   ",M,39,"3848           ",Be,25.00,"767       ",2023-10-24,3
"CUST768   ",F,24,"5232           ",Be,25.00,"768       ",2023-01-14,3
"CUST769   ",F,31,"4892           ",El,30.00,"769       ",2023-06-09,4
"CUST077   ",F,47,"4898           ",Cl,50.00,"77        ",2023-07-09,2
"CUST770   ",M,32,"6428           ",Cl,50.00,"770       ",2023-10-22,1
"CUST771   ",M,24,"5389           ",El,25.00,"771       ",2023-12-13,2
"CUST773   ",M,25,"3679           ",El,500.00,"773       ",2023-07-23,4
"CUST774   ",F,40,"5000           ",Cl,25.00,"774       ",2023-04-12,2
"CUST775   ",F,46,"4032           ",El,25.00,"775       ",2023-02-08,4
"CUST777   ",M,48,"5206           ",El,50.00,"777       ",2023-12-20,3
"CUST778   ",F,47,"4412           ",Be,25.00,"778       ",2023-11-18,4
"CUST779   ",F,56,"3754           ",El,500.00,"779       ",2023-05-05,2
"CUST078   ",F,47,"2223           ",Cl,500.00,"78        ",2023-07-01,3
"CUST780   ",M,52,"5346           ",El,25.00,"780       ",2023-02-22,2
"CUST781   ",M,35,"2688           ",Be,500.00,"781       ",2023-12-23,1
"CUST782   ",M,59,"4528           ",Cl,300.00,"782       ",2023-06-04,3
"CUST783   ",F,56,"5356           ",Cl,300.00,"783       ",2023-12-17,1
"CUST785   ",F,31,"6873           ",Be,50.00,"785       ",2023-03-03,4
"CUST787   ",M,41,"5952           ",El,25.00,"787       ",2023-01-22,1
"CUST788   ",F,52,"2371           ",Be,300.00,"788       ",2023-06-27,3
"CUST791   ",F,51,"1840           ",Be,25.00,"791       ",2023-12-05,1
"CUST792   ",F,20,"6151           ",Be,50.00,"792       ",2023-07-09,1
"CUST793   ",M,54,"4951           ",Be,30.00,"793       ",2023-02-05,1
"CUST795   ",M,57,"6999           ",El,300.00,"795       ",2023-11-28,1
"CUST796   ",M,43,"6441           ",Be,30.00,"796       ",2023-06-24,4
"CUST798   ",M,61,"5281           ",Cl,50.00,"798       ",2023-08-04,1
"CUST080   ",F,64,"5108           ",Cl,30.00,"80        ",2023-12-10,2
"CUST801   ",M,21,"4630           ",Cl,50.00,"801       ",2023-08-10,4
"CUST802   ",F,46,"1960           ",Be,30.00,"802       ",2023-07-05,1
"CUST804   ",M,42,"6815           ",El,30.00,"804       ",2023-08-24,1
"CUST808   ",M,33,"2273           ",Be,500.00,"808       ",2023-04-01,4
"CUST810   ",M,59,"2353           ",El,25.00,"810       ",2023-11-30,4
"CUST811   ",M,61,"5309           ",Be,25.00,"811       ",2023-05-19,2
"CUST812   ",M,19,"4380           ",El,25.00,"812       ",2023-11-12,3
"CUST813   ",M,52,"5354           ",El,50.00,"813       ",2023-10-03,3
"CUST814   ",F,59,"6135           ",Cl,500.00,"814       ",2023-09-05,1
"CUST815   ",F,51,"2895           ",Cl,25.00,"815       ",2023-08-27,3
"CUST816   ",M,47,"4932           ",Be,500.00,"816       ",2023-08-12,2
"CUST817   ",M,30,"2424           ",Be,50.00,"817       ",2023-10-31,4
"CUST819   ",F,35,"6310           ",Be,50.00,"819       ",2023-06-15,2
"CUST082   ",F,32,"4002           ",Be,50.00,"82        ",2023-12-26,4
"CUST820   ",M,49,"6255           ",El,50.00,"820       ",2023-05-06,4
"CUST821   ",M,49,"5140           ",El,300.00,"821       ",2023-02-14,1
"CUST822   ",F,52,"6465           ",Be,50.00,"822       ",2023-05-23,3
"CUST823   ",F,56,"2999           ",El,50.00,"823       ",2023-08-19,2
"CUST824   ",M,63,"3864           ",Cl,30.00,"824       ",2023-05-05,4
"CUST826   ",F,46,"1753           ",Cl,300.00,"826       ",2023-10-19,1
"CUST827   ",M,61,"3826           ",Be,300.00,"827       ",2023-11-09,3
"CUST828   ",F,33,"5603           ",El,300.00,"828       ",2023-12-09,4
"CUST829   ",M,61,"6498           ",Be,30.00,"829       ",2023-07-14,3
"CUST083   ",M,54,"5906           ",El,50.00,"83        ",2023-12-16,2
"CUST830   ",F,64,"2047           ",Cl,50.00,"830       ",2023-06-22,3
"CUST831   ",M,27,"3105           ",El,25.00,"831       ",2023-01-15,4
"CUST832   ",M,47,"5030           ",Be,500.00,"832       ",2023-09-11,4
"CUST833   ",M,42,"6354           ",Be,50.00,"833       ",2023-06-16,4
"CUST834   ",F,56,"2188           ",Be,30.00,"834       ",2023-04-04,2
"CUST835   ",M,37,"6091           ",Cl,50.00,"835       ",2023-09-07,4
"CUST836   ",F,22,"4264           ",Cl,50.00,"836       ",2023-04-19,1
"CUST837   ",M,18,"5540           ",Be,30.00,"837       ",2023-07-01,3
"CUST839   ",F,20,"6118           ",El,300.00,"839       ",2023-06-24,4
"CUST084   ",F,38,"3392           ",El,30.00,"84        ",2023-11-28,3
"CUST840   ",M,62,"1793           ",Cl,25.00,"840       ",2023-05-24,2
"CUST843   ",M,21,"2001           ",Be,500.00,"843       ",2023-05-22,3
"CUST844   ",M,35,"6292           ",Cl,50.00,"844       ",2023-10-12,3
"CUST845   ",M,54,"5226           ",Cl,500.00,"845       ",2023-01-06,1
"CUST846   ",M,42,"4942           ",Be,50.00,"846       ",2023-09-22,1
"CUST847   ",F,18,"1829           ",El,300.00,"847       ",2023-04-08,4
"CUST848   ",F,63,"3888           ",Cl,25.00,"848       ",2023-02-13,3
"CUST085   ",M,31,"3945           ",Cl,50.00,"85        ",2023-02-06,3
"CUST850   ",F,26,"1741           ",Be,500.00,"850       ",2023-07-28,2
"CUST851   ",M,32,"4421           ",El,25.00,"851       ",2023-09-08,2
"CUST852   ",F,41,"5231           ",Cl,300.00,"852       ",2023-10-12,1
"CUST853   ",M,21,"1557           ",Be,500.00,"853       ",2023-05-04,2
"CUST854   ",M,29,"5834           ",Cl,50.00,"854       ",2023-12-20,1
"CUST855   ",M,54,"3045           ",Be,25.00,"855       ",2023-09-01,1
"CUST856   ",M,54,"2304           ",El,30.00,"856       ",2023-11-27,4
"CUST857   ",M,60,"3469           ",El,25.00,"857       ",2023-12-31,2
"CUST858   ",M,23,"2121           ",El,50.00,"858       ",2023-09-09,2
"CUST859   ",F,56,"6522           ",El,500.00,"859       ",2023-08-18,3
"CUST086   ",M,19,"1704           ",Be,30.00,"86        ",2023-11-08,3
"CUST860   ",M,63,"2266           ",Cl,50.00,"860       ",2023-01-09,4
"CUST861   ",F,41,"4595           ",Cl,30.00,"861       ",2023-02-17,3
"CUST862   ",M,28,"6222           ",El,300.00,"862       ",2023-05-31,4
"CUST863   ",F,30,"2050           ",El,25.00,"863       ",2023-04-24,2
"CUST864   ",F,51,"4374           ",El,500.00,"864       ",2023-07-27,1
"CUST865   ",F,42,"6282           ",Cl,300.00,"865       ",2023-12-21,1
"CUST866   ",M,24,"5195           ",El,50.00,"866       ",2023-05-05,1
"CUST867   ",M,21,"6642           ",El,500.00,"867       ",2023-06-06,1
"CUST868   ",F,25,"1963           ",El,300.00,"868       ",2023-12-06,1
"CUST869   ",M,37,"2325           ",Be,500.00,"869       ",2023-10-25,3
"CUST087   ",F,28,"6241           ",Be,50.00,"87        ",2023-11-22,2
"CUST872   ",F,63,"3919           ",Be,25.00,"872       ",2023-10-11,3
"CUST875   ",F,51,"1625           ",El,500.00,"875       ",2023-08-06,4
"CUST876   ",M,43,"1705           ",Cl,30.00,"876       ",2023-10-09,4
"CUST877   ",F,58,"6338           ",Cl,25.00,"877       ",2023-06-19,1
"CUST878   ",F,20,"2635           ",Cl,30.00,"878       ",2023-06-30,1
"CUST088   ",M,56,"6454           ",Cl,500.00,"88        ",2023-03-29,1
"CUST880   ",M,22,"3637           ",Be,500.00,"880       ",2023-08-21,2
"CUST881   ",M,22,"3986           ",El,300.00,"881       ",2023-05-19,1
"CUST882   ",F,64,"3031           ",El,25.00,"882       ",2023-06-06,2
"CUST883   ",M,40,"5960           ",El,500.00,"883       ",2023-05-09,1
"CUST885   ",F,52,"1715           ",Cl,30.00,"885       ",2023-03-03,4
"CUST887   ",M,59,"4456           ",Cl,25.00,"887       ",2023-06-11,4
"CUST888   ",F,52,"2881           ",El,25.00,"888       ",2023-03-03,4
"CUST889   ",F,35,"2125           ",El,50.00,"889       ",2023-10-02,1
"CUST891   ",M,41,"6215           ",El,300.00,"891       ",2023-04-05,3
"CUST892   ",M,20,"2498           ",El,50.00,"892       ",2023-04-09,1
"CUST893   ",M,49,"5419           ",El,50.00,"893       ",2023-04-21,1
"CUST894   ",M,52,"4033           ",El,30.00,"894       ",2023-09-05,1
"CUST895   ",F,55,"6648           ",Cl,30.00,"895       ",2023-05-22,4
"CUST896   ",F,30,"1653           ",El,25.00,"896       ",2023-10-29,2
"CUST898   ",F,42,"6022           ",Cl,30.00,"898       ",2023-11-02,3
"CUST899   ",M,26,"6930           ",Cl,300.00,"899       ",2023-05-25,2
"CUST900   ",M,21,"5832           ",Cl,30.00,"900       ",2023-02-21,2
"CUST901   ",M,31,"6112           ",El,30.00,"901       ",2023-04-10,1
"CUST903   ",F,51,"6432           ",Be,50.00,"903       ",2023-04-27,4
"CUST904   ",M,28,"3583           ",Cl,500.00,"904       ",2023-07-04,1
"CUST905   ",M,58,"6827           ",Be,300.00,"905       ",2023-04-02,1
"CUST906   ",F,20,"3073           ",Cl,50.00,"906       ",2023-06-04,1
"CUST909   ",M,26,"6983           ",El,300.00,"909       ",2023-10-01,1
"CUST091   ",F,55,"4683           ",El,500.00,"91        ",2023-03-25,1
"CUST910   ",F,20,"2484           ",Be,50.00,"910       ",2023-03-06,3
"CUST911   ",M,42,"6524           ",El,300.00,"911       ",2023-05-21,3
"CUST912   ",M,51,"4950           ",Be,50.00,"912       ",2023-01-24,3
"CUST913   ",M,29,"6791           ",El,30.00,"913       ",2023-01-28,3
"CUST914   ",F,59,"3862           ",El,500.00,"914       ",2023-10-11,1
"CUST915   ",F,26,"3920           ",Be,30.00,"915       ",2023-05-30,3
"CUST916   ",F,32,"6273           ",El,50.00,"916       ",2023-12-24,1
"CUST918   ",F,42,"6367           ",El,30.00,"918       ",2023-11-23,3
"CUST919   ",F,22,"3135           ",Be,25.00,"919       ",2023-09-09,2
"CUST092   ",F,51,"3545           ",El,30.00,"92        ",2023-08-25,4
"CUST920   ",F,28,"6045           ",Be,25.00,"920       ",2023-02-22,3
"CUST921   ",M,51,"6129           ",El,25.00,"921       ",2023-01-07,3
"CUST922   ",M,41,"4026           ",El,50.00,"922       ",2023-10-21,1
"CUST925   ",M,25,"2820           ",El,300.00,"925       ",2023-09-03,1
"CUST926   ",M,22,"4754           ",El,30.00,"926       ",2023-08-14,1
"CUST928   ",F,35,"5765           ",Cl,300.00,"928       ",2023-04-05,4
"CUST929   ",F,23,"3033           ",Be,25.00,"929       ",2023-01-27,3
"CUST093   ",F,35,"5745           ",Be,500.00,"93        ",2023-07-14,4
"CUST930   ",M,54,"2735           ",Cl,50.00,"930       ",2023-05-10,4
"CUST931   ",M,30,"4543           ",Be,30.00,"931       ",2023-09-02,4
"CUST932   ",F,45,"4474           ",Be,25.00,"932       ",2023-02-28,4
"CUST933   ",M,22,"5972           ",Be,30.00,"933       ",2023-02-03,1
"CUST934   ",M,30,"1528           ",Be,500.00,"934       ",2023-07-25,1
"CUST935   ",F,34,"3568           ",Be,50.00,"935       ",2023-09-09,1
"CUST936   ",M,57,"5352           ",Be,50.00,"936       ",2023-02-07,4
"CUST937   ",F,62,"4028           ",Be,500.00,"937       ",2023-10-23,1
"CUST938   ",M,49,"2129           ",Cl,50.00,"938       ",2023-11-19,4
"CUST939   ",F,46,"2202           ",El,300.00,"939       ",2023-12-18,1
"CUST094   ",F,47,"3396           ",Be,500.00,"94        ",2023-05-19,2
"CUST940   ",F,20,"1828           ",El,30.00,"940       ",2023-01-28,1
"CUST941   ",F,57,"1652           ",Cl,25.00,"941       ",2023-03-19,2
"CUST942   ",M,51,"3807           ",Cl,500.00,"942       ",2023-03-18,3
"CUST943   ",F,57,"4390           ",Cl,300.00,"943       ",2023-10-16,4
"CUST944   ",M,44,"3598           ",Cl,25.00,"944       ",2023-06-05,2
"CUST945   ",M,30,"5601           ",Be,25.00,"945       ",2023-02-13,1
"CUST946   ",M,62,"2456           ",El,500.00,"946       ",2023-05-08,4
"CUST947   ",M,50,"2910           ",Be,300.00,"947       ",2023-03-02,1
"CUST948   ",F,23,"5845           ",El,25.00,"948       ",2023-10-13,3
"CUST949   ",F,41,"1743           ",El,25.00,"949       ",2023-08-02,2
"CUST095   ",F,32,"2227           ",Cl,30.00,"95        ",2023-11-24,2
"CUST950   ",M,36,"6964           ",Cl,300.00,"950       ",2023-11-07,3
"CUST951   ",M,33,"3346           ",Be,50.00,"951       ",2023-11-02,2
"CUST952   ",F,57,"3718           ",Cl,25.00,"952       ",2023-11-13,1
"CUST953   ",M,45,"5134           ",Be,30.00,"953       ",2023-04-26,3
"CUST954   ",F,50,"4007           ",El,300.00,"954       ",2023-09-25,3
"CUST955   ",M,58,"5364           ",Cl,25.00,"955       ",2023-07-14,1
"CUST956   ",M,30,"2726           ",Cl,500.00,"956       ",2023-08-19,3
"CUST957   ",F,60,"6047           ",El,30.00,"957       ",2023-08-15,4
"CUST096   ",F,44,"6719           ",Cl,300.00,"96        ",2023-12-19,2
"CUST960   ",M,59,"6990           ",Cl,30.00,"960       ",2023-08-08,2
"CUST961   ",M,53,"6635           ",Be,50.00,"961       ",2023-06-06,4
"CUST962   ",M,44,"5753           ",Cl,30.00,"962       ",2023-10-19,2
"CUST963   ",F,55,"3232           ",Be,50.00,"963       ",2023-11-14,1
"CUST964   ",M,24,"5948           ",Cl,300.00,"964       ",2023-01-31,3
"CUST965   ",M,22,"2500           ",Cl,50.00,"965       ",2023-11-09,4
"CUST966   ",M,60,"4056           ",El,500.00,"966       ",2023-02-20,2
"CUST968   ",F,48,"6108           ",Cl,300.00,"968       ",2023-11-17,3
"CUST970   ",M,59,"3036           ",El,500.00,"970       ",2023-05-16,4
"CUST972   ",M,49,"4124           ",Be,25.00,"972       ",2023-02-11,4
"CUST973   ",M,60,"5274           ",Cl,50.00,"973       ",2023-03-22,1
"CUST974   ",M,47,"2233           ",Be,30.00,"974       ",2023-05-03,1
"CUST975   ",F,56,"5947           ",Cl,50.00,"975       ",2023-03-30,4
"CUST976   ",F,48,"5076           ",Be,300.00,"976       ",2023-10-10,2
"CUST977   ",F,35,"2018           ",El,25.00,"977       ",2023-02-08,3
"CUST978   ",F,53,"4856           ",Cl,50.00,"978       ",2023-03-22,3
"CUST979   ",F,19,"3492           ",Be,25.00,"979       ",2023-01-02,1
"CUST098   ",F,55,"2707           ",Be,50.00,"98        ",2023-04-23,2
"CUST981   ",F,30,"4186           ",El,30.00,"981       ",2023-08-19,2
"CUST983   ",F,29,"4767           ",Cl,300.00,"983       ",2023-11-01,1
"CUST984   ",M,56,"1515           ",Cl,500.00,"984       ",2023-08-29,1
"CUST985   ",F,19,"4377           ",El,25.00,"985       ",2023-05-30,2
"CUST986   ",F,49,"1880           ",Cl,500.00,"986       ",2023-01-17,2
"CUST988   ",F,63,"4129           ",Cl,25.00,"988       ",2023-05-28,3
"CUST989   ",F,44,"2009           ",El,25.00,"989       ",2023-12-28,1
"CUST099   ",F,50,"6111           ",El,300.00,"99        ",2023-12-17,4
"CUST990   ",F,58,"3455           ",Be,500.00,"990       ",2023-05-25,2
"CUST991   ",F,34,"4314           ",Cl,50.00,"991       ",2023-12-26,2
"CUST992   ",F,57,"5907           ",El,30.00,"992       ",2023-08-21,2
"CUST993   ",F,48,"4445           ",El,50.00,"993       ",2023-02-06,3
"CUST994   ",F,51,"4668           ",Be,500.00,"994       ",2023-12-18,2
"CUST996   ",M,62,"6473           ",Cl,50.00,"996       ",2023-05-16,1
"CUST997   ",M,52,"1717           ",Be,30.00,"997       ",2023-11-17,3
"CUST998   ",F,23,"3769           ",Be,25.00,"998       ",2023-10-29,4
"CUST999   ",F,36,"1745           ",El,50.00,"999       ",2023-12-05,3
